Park Code,Category,Order,Family,Taxa Code,Scientific Name,Synonyms,Common Name,Occurrence,Occurrence Tags
ARCH,Vascular Plant,,,768309,Arabis holboellii var. brachycarpa,,Spreadingpod rockcress,Probably Present,
ARCH,Vascular Plant,,,758598,Arabis perennans var. perennans,Arabis perennans (121285),Perennial rockcress,Present,
ARCH,Vascular Plant,,,758644,Camissonia scapoidea var. scapoidea,,Paiute suncup,Present,
ARCH,Vascular Plant,,,758603,Chrysopsis villosa var. minor,"Chrysopsis villosa var. minor (758613),Heterotheca villosa var. foliosa (220996),Chrysopsis foliosa (173867),Chrysopsis villosa (173936),Heterotheca villosa var. hispida (210318),Chrysopsis villosa var. hispida (221733)",Hispid golden-aster,Present,
ARCH,Vascular Plant,,,758631,Gilia leptomeria var. leptomeria,Gilia leptomeria (139862),Common gilia,Present,
ARCH,Vascular Plant,,,758648,Haplopappus armerioides var. armerioides,Haplopappus armerioides (141148),Thrift goldenweed,Present,
ARCH,Vascular Plant,,,758635,Suaeda torreyana var. torreyana,Suaeda torreyana (112918),Torrey's seepweed,Present,
ARCH,Vascular Plant,,,161224,Viguiera multiflora var. multiflora,,Showy goldeneye,Present,
ARCH,Vascular Plant,,,758647,Zuckia brandegei var. brandegei,"Zuckia brandegei (758607),Zuckia brandegeei var. brandegeei (216208),Grayia brandegei (758616)",Brandegee's siltbush,Present,
ARCH,Vascular Plant,Alismatales,Juncaginaceae,141547,Triglochin maritima,,Seaside arrowgrass,Present,
ARCH,Vascular Plant,Apiales,Apiaceae,208282,Cymopterus acaulis var. fendleri,Cymopterus acaulis (134770),Fendler's cymopterus,Present,
ARCH,Vascular Plant,Apiales,Apiaceae,134774,Cymopterus bulbosus,,Onion spring-parsley,Present,
ARCH,Vascular Plant,Apiales,Apiaceae,134793,Cymopterus newberryi,,Sticky spring-parsley,Present,
ARCH,Vascular Plant,Apiales,Apiaceae,134798,Cymopterus purpurascens,,Basin white-cup spring-parsley,Present,
ARCH,Vascular Plant,Apiales,Apiaceae,758642,Cymopterus purpureus var. purpureus,Cymopterus purpureus (134799),Colorado Plateau spring-parsley,Present,
ARCH,Vascular Plant,Apiales,Apiaceae,135403,Lomatium latilobum,,Canyonlands lomatium,Present,
ARCH,Vascular Plant,Apiales,Apiaceae,125494,Lomatium parryi,,Parry's lomatium,Present,
ARCH,Vascular Plant,Asparagales,Amaryllidaceae,150294,Allium macropetalum,,San Juan onion,Present,
ARCH,Vascular Plant,Asparagales,Amaryllidaceae,150299,Allium nevadense,,Nevada onion,Present,
ARCH,Vascular Plant,Asparagales,Amaryllidaceae,149584,Allium textile,,Textile onion,Present,
ARCH,Vascular Plant,Asparagales,Asparagaceae,140575,Androstephium breviflorum,,Pink funnel-lily,Present,
ARCH,Vascular Plant,Asparagales,Asparagaceae,140583,Asparagus officinalis,,Asparagus,Present,
ARCH,Vascular Plant,Asparagales,Asparagaceae,142751,Smilacina stellata,,Starry false Solomon's-seal,Present,
ARCH,Vascular Plant,Asparagales,Asparagaceae,142855,Yucca angustissima,,Narrowleaved yucca,Probably Present,
ARCH,Vascular Plant,Asparagales,Asparagaceae,215603,Yucca harrimaniae var. harrimaniae,Yucca harrimaniae (144232),Harriman's yucca,Present,
ARCH,Vascular Plant,Asparagales,Orchidaceae,147073,Epipactis gigantea,,Giant helleborine,Present,
ARCH,Vascular Plant,Asparagales,Orchidaceae,229542,Habenaria dilatata var. leucostachys,,Lindley's white bog-orchid,Present,
ARCH,Vascular Plant,Asparagales,Orchidaceae,185139,Habenaria zothecina,,Alcove bog-orchid,Present,
ARCH,Vascular Plant,Asterales,Asteraceae,141408,Ambrosia acanthicarpa,Franseria acanthicarpa (184142),Bur ragweed,Present,
ARCH,Vascular Plant,Asterales,Asteraceae,141463,Arctium minus,,Burdock,Present,
ARCH,Vascular Plant,Asterales,Asteraceae,133588,Artemisia bigelovii,,Bigelow's sagebrush,Present,
ARCH,Vascular Plant,Asterales,Asteraceae,293787,Artemisia campestris var. scouleriana,Artemisia caudata (133595),Sand wormwood,Present,
ARCH,Vascular Plant,Asterales,Asteraceae,86031,Artemisia dracunculus ssp. glauca,,Tarragon,Present,
ARCH,Vascular Plant,Asterales,Asteraceae,133600,Artemisia filifolia,,Sand sagebrush,Present,
ARCH,Vascular Plant,Asterales,Asteraceae,221327,Artemisia ludoviciana var. albula,Artemisia ludoviciana (133612),Louisiana wormwood,Present,
ARCH,Vascular Plant,Asterales,Asteraceae,156261,Artemisia ludoviciana var. ludoviciana,,Louisiana wormwood,Present,
ARCH,Vascular Plant,Asterales,Asteraceae,221342,Artemisia ludoviciana var. mexicana,,Louisiana wormwood,Present,
ARCH,Vascular Plant,Asterales,Asteraceae,216383,Artemisia nova var. nova,Artemisia nova (152878),Black sagebrush,Probably Present,
ARCH,Vascular Plant,Asterales,Asteraceae,133636,Artemisia spinescens,,Budsage,Present,
ARCH,Vascular Plant,Asterales,Asteraceae,667036,Artemisia tridentata var. tridentata,Artemisia tridentata (133638),Basin big sagebrush,Present,
ARCH,Vascular Plant,Asterales,Asteraceae,222184,Artemisia tridentata var. wyomingensis,,Wyoming big sagebrush,Probably Present,
ARCH,Vascular Plant,Asterales,Asteraceae,101602,Aster ascendens,Aster chilensis ssp. adscendens (101605),Pacific aster,Present,
ARCH,Vascular Plant,Asterales,Asteraceae,134212,Aster brachyactis,,Rayless alkali aster,Present,
ARCH,Vascular Plant,Asterales,Asteraceae,134267,Aster hesperius,,Siskiyou aster,Present,
ARCH,Vascular Plant,Asterales,Asteraceae,134658,Baccharis salicina,Baccharis emoryi (134647),Rio Grande seepwillow,Present,
ARCH,Vascular Plant,Asterales,Asteraceae,134669,Bidens frondosa,,Devil's- beggarsticks,Present,
ARCH,Vascular Plant,Asterales,Asteraceae,136737,Brickellia longifolia,,Longleaf brickellbush,Present,
ARCH,Vascular Plant,Asterales,Asteraceae,209795,Brickellia microphylla var. scabra,Brickellia scabra (136748),Rough brickellbush,Present,
ARCH,Vascular Plant,Asterales,Asteraceae,209799,Brickellia oblongifolia var. linifolia,Brickellia oblongifolia (136744),Mohave brickellbush,Present,
ARCH,Vascular Plant,Asterales,Asteraceae,136825,Centaurea maculosa,,spotted knapweed,Present,
ARCH,Vascular Plant,Asterales,Asteraceae,173262,Centaurea repens,,Russian knapweed,Present,
ARCH,Vascular Plant,Asterales,Asteraceae,137249,Chaenactis douglasii,,Hoary dusty-maiden,Probably Present,
ARCH,Vascular Plant,Asterales,Asteraceae,137261,Chaenactis stevioides,,Stevia dusty-maiden,Present,
ARCH,Vascular Plant,Asterales,Asteraceae,151902,Chaetopappa ericoides,Aster arenosus (172101),Rose-heath,Present,
ARCH,Vascular Plant,Asterales,Asteraceae,137324,Chrysothamnus linifolius,Chrysothamnus viscidiflorus ssp. linifolius (209356),Spear-leaf rabbitbrush,Present,
ARCH,Vascular Plant,Asterales,Asteraceae,222302,Chrysothamnus nauseosus var. consimilis,Chrysothamnus nauseosus (137325),Greenish rabbitbrush,Present,
ARCH,Vascular Plant,Asterales,Asteraceae,222308,Chrysothamnus nauseosus var. gnaphalodes,,Graystem rabbitbrush,Present,
ARCH,Vascular Plant,Asterales,Asteraceae,222310,Chrysothamnus nauseosus var. graveolens,"Chrysothamnus nauseosus var. glabratus (222304),Chrysothamnus nauseosus ssp. pinifolius (209333)",Glabrate rabbitbrush,Present,
ARCH,Vascular Plant,Asterales,Asteraceae,222316,Chrysothamnus nauseosus var. junceus,,Rush rabbitbrush,Present,
ARCH,Vascular Plant,Asterales,Asteraceae,222320,Chrysothamnus nauseosus var. leiospermus,,Smoothseed rabbitbrush,Present,
ARCH,Vascular Plant,Asterales,Asteraceae,222352,Chrysothamnus parryi var. howardii,Chrysothamnus parryi (137343),Longbract rabbitbrush,Present,
ARCH,Vascular Plant,Asterales,Asteraceae,222367,Chrysothamnus viscidiflorus var. lanceolatus,,Lanceleaf rabbitbrush,Probably Present,
ARCH,Vascular Plant,Asterales,Asteraceae,294271,Chrysothamnus viscidiflorus var. stenophyllus,,Slenderleaf rabbitbrush,Present,
ARCH,Vascular Plant,Asterales,Asteraceae,294273,Chrysothamnus viscidiflorus var. viscidiflorus,Chrysothamnus viscidiflorus (137364),Green rabbitbrush,Present,
ARCH,Vascular Plant,Asterales,Asteraceae,223229,Cirsium calcareum var. pulchellum,Cirsium calcareum (140043),Pretty thistle,Present,
ARCH,Vascular Plant,Asterales,Asteraceae,209520,Cirsium neomexicanum var. neomexicanum,,New Mexico thistle,Present,
ARCH,Vascular Plant,Asterales,Asteraceae,140116,Cirsium rydbergii,,Rydberg's thistle,Present,
ARCH,Vascular Plant,Asterales,Asteraceae,210369,Cirsium undulatum var. undulatum,Cirsium undulatum (140129),Wavy-leaved thistle,Present,
ARCH,Vascular Plant,Asterales,Asteraceae,140134,Cirsium vulgare,,Bull thistle,Probably Present,
ARCH,Vascular Plant,Asterales,Asteraceae,212077,Conyza canadensis var. glabrata,Conyza canadensis (138585),Canadian horseweed,Present,
ARCH,Vascular Plant,Asterales,Asteraceae,224726,Crepis runcinata var. glauca,Crepis runcinata (138685),Glaucous hawksbeard,Present,
ARCH,Vascular Plant,Asterales,Asteraceae,758597,Dicoria brandegei,,Brandegee's sandplant,Present,
ARCH,Vascular Plant,Asterales,Asteraceae,211996,Encelia frutescens var. resinosa,Encelia frutescens (139601),Bush encelia,Present,
ARCH,Vascular Plant,Asterales,Asteraceae,110158,Enceliopsis nudicaulis var. nudicaulis,,Nakedstem,Probably Present,
ARCH,Vascular Plant,Asterales,Asteraceae,139608,Enceliopsis nutans,,Noddinghead,Present,
ARCH,Vascular Plant,Asterales,Asteraceae,212483,Erigeron aphanactis var. aphanactis,,Hairy daisy,Present,
ARCH,Vascular Plant,Asterales,Asteraceae,136003,Erigeron bellidiastrum,,Pretty daisy,Present,
ARCH,Vascular Plant,Asterales,Asteraceae,226636,Erigeron divergens var. cinereus,Erigeron divergens (136031),Spreading daisy,Present,
ARCH,Vascular Plant,Asterales,Asteraceae,156870,Erigeron divergens var. divergens,,Spreading daisy,Present,
ARCH,Vascular Plant,Asterales,Asteraceae,136924,Erigeron pulcherrimus,,Basin daisy,Present,
ARCH,Vascular Plant,Asterales,Asteraceae,226699,Erigeron pumilus var. concinnus,Erigeron pumilus (136925),Navajo fleabane,Present,
ARCH,Vascular Plant,Asterales,Asteraceae,209022,Erigeron utahensis var. sparsifolius,,Slenderleaf daisy,Present,
ARCH,Vascular Plant,Asterales,Asteraceae,209024,Erigeron utahensis var. utahensis,Erigeron utahensis (136961),Utah daisy,Present,
ARCH,Vascular Plant,Asterales,Asteraceae,140450,Euthamia occidentalis,Solidago occidentalis (201553),Western goldenrod,Present,
ARCH,Vascular Plant,Asterales,Asteraceae,140474,Flaveria campestris,,Marshweed,Present,
ARCH,Vascular Plant,Asterales,Asteraceae,140509,Gaillardia pinnatifida,,Hopi blanketflower,Present,
ARCH,Vascular Plant,Asterales,Asteraceae,140511,Gaillardia pulchella,Gaillardia aristata (140496),Pretty blanketflower,Present,
ARCH,Vascular Plant,Asterales,Asteraceae,161070,Gaillardia spathulata,,Basin blanketflower,Present,
ARCH,Vascular Plant,Asterales,Asteraceae,133754,Gnaphalium wrightii,Gnaphalium canescens (178810),Wright's cudweed,Present,
ARCH,Vascular Plant,Asterales,Asteraceae,140550,Grindelia fastigiata,,Erect gumweed,Present,
ARCH,Vascular Plant,Asterales,Asteraceae,213412,Grindelia squarrosa var. serrulata,,Curly-cup gumweed,Probably Present,
ARCH,Vascular Plant,Asterales,Asteraceae,141121,Gutierrezia microcephala,,Thread snakeweed,Present,
ARCH,Vascular Plant,Asterales,Asteraceae,141122,Gutierrezia sarothrae,,Broom snakeweed,Present,
ARCH,Vascular Plant,Asterales,Asteraceae,185258,Haplopappus rusbyi,Haplopappus drummondii (185214),Rusby's goldenbush,Present,
ARCH,Vascular Plant,Asterales,Asteraceae,210135,Helianthus annuus ssp. lenticularis,Helianthus annuus (142204),Common sunflower,Present,
ARCH,Vascular Plant,Asterales,Asteraceae,142205,Helianthus anomalus,,Sand sunflower,Present,
ARCH,Vascular Plant,Asterales,Asteraceae,133709,Helianthus petiolaris ssp. fallax,Helianthus petiolaris (133707),Prairie sunflower,Present,
ARCH,Vascular Plant,Asterales,Asteraceae,142150,Heterotheca subaxillaris,Heterotheca psammophila (142144),Sand goldenaster,Present,
ARCH,Vascular Plant,Asterales,Asteraceae,212226,Hymenopappus filifolius var. cinereus,Hymenopappus filifolius (143061),Common hyalineherb,Present,
ARCH,Vascular Plant,Asterales,Asteraceae,229666,Hymenoxys acaulis var. arizonica,Hymenoxys acaulis (180385),Arizona hymenoxys,Present,
ARCH,Vascular Plant,Asterales,Asteraceae,229672,Hymenoxys acaulis var. ivesiana,Hymenoxys argentea (180387),Canyonlands hymenoxys,Present,
ARCH,Vascular Plant,Asterales,Asteraceae,137432,Iva axillaris,,Poverty-weed,Probably Present,
ARCH,Vascular Plant,Asterales,Asteraceae,142195,Lactuca serriola,,prickly lettuce,Present,
ARCH,Vascular Plant,Asterales,Asteraceae,214066,Lactuca tatarica var. pulchella,Lactuca tatarica (142198),Blue lettuce,Present,
ARCH,Vascular Plant,Asterales,Asteraceae,231849,Lygodesmia grandiflora var. arizonica,,Arizona rush-pink,Probably Present,
ARCH,Vascular Plant,Asterales,Asteraceae,231855,Lygodesmia grandiflora var. entrada,Lygodesmia entrada (157716),Entrada rush-pink,Present,
ARCH,Vascular Plant,Asterales,Asteraceae,758600,Lygodesmia grandiflora var. grandiflora,Lygodesmia grandiflora (157718),Showy rush-pink,Present,
ARCH,Vascular Plant,Asterales,Asteraceae,295183,Machaeranthera canescens var. aristata,,Aristate aster,Probably Present,
ARCH,Vascular Plant,Asterales,Asteraceae,295171,Machaeranthera canescens var. canescens,Aster bigelovii (172105),Hoary aster,Present,
ARCH,Vascular Plant,Asterales,Asteraceae,213639,Machaeranthera grindelioides var. grindelioides,Haplopappus nuttallii (185243),Gumweed aster,Present,
ARCH,Vascular Plant,Asterales,Asteraceae,144700,Machaeranthera tanacetifolia,Aster tanacetifolius (173013),Tansyleaf aster,Present,
ARCH,Vascular Plant,Asterales,Asteraceae,144746,Malacothrix sonchoides,,Sowthistle desert-dandelion,Present,
ARCH,Vascular Plant,Asterales,Asteraceae,135417,Onopordum acanthium,,Scotch thistle,Probably Present,
ARCH,Vascular Plant,Asterales,Asteraceae,191766,Oxytenia acerosa,,Copperweed,Present,
ARCH,Vascular Plant,Asterales,Asteraceae,670543,Petradoria pumila var. pumila,"Petradoria pumila (136320),Solidago petradoria (201572)",Rock-goldenrod,Present,
ARCH,Vascular Plant,Asterales,Asteraceae,214547,Platyschkuhria integrifolia var. desertorum,Bahia nudicaulis (175148),Desert bahia,Present,
ARCH,Vascular Plant,Asterales,Asteraceae,235063,Senecio douglasii var. longilobus,,Douglas' groundsel,Probably Present,
ARCH,Vascular Plant,Asterales,Asteraceae,138506,Senecio multilobatus,,Basin groundsel,Present,
ARCH,Vascular Plant,Asterales,Asteraceae,221052,Senecio spartioides var. multicapitatus,Senecio multicapitatus (138505),Many-headed groundsel,Present,
ARCH,Vascular Plant,Asterales,Asteraceae,217324,Senecio spartioides var. spartioides,,Broom groundsel,Present,
ARCH,Vascular Plant,Asterales,Asteraceae,218134,Senecio streptanthifolius var. streptanthifolius,,Rocky Mountain groundsel,Present,
ARCH,Vascular Plant,Asterales,Asteraceae,216589,Solidago canadensis var. salebrosa,"Solidago canadensis (139377),Solidago altissima (139381)",Canadian goldenrod,Present,
ARCH,Vascular Plant,Asterales,Asteraceae,163985,Solidago velutina,Solidago sparsiflora (139468),Three-nerve goldenrod,Present,
ARCH,Vascular Plant,Asterales,Asteraceae,137730,Sonchus asper,,Spiny-leaf sow-thistle,Present,
ARCH,Vascular Plant,Asterales,Asteraceae,137733,Sonchus oleraceus,,common sow-thistle,Present,
ARCH,Vascular Plant,Asterales,Asteraceae,137753,Stephanomeria exigua,,White-plume whire-lettuce,Present,
ARCH,Vascular Plant,Asterales,Asteraceae,137760,Stephanomeria pauciflora,,Brown-plume wire-lettuce,Present,
ARCH,Vascular Plant,Asterales,Asteraceae,110180,Stephanomeria tenuifolia var. tenuifolia,Stephanomeria tenuifolia (137764),Slender wirelettuce,Present,
ARCH,Vascular Plant,Asterales,Asteraceae,138564,Taraxacum officinale,,Common dandelion,Present,
ARCH,Vascular Plant,Asterales,Asteraceae,138072,Tetradymia canescens,,"Gray horsebrush, Spineless horsebrush",Probably Present,
ARCH,Vascular Plant,Asterales,Asteraceae,138077,Tetradymia spinosa,,Shortspine horsebrush,Present,
ARCH,Vascular Plant,Asterales,Asteraceae,219861,Thelesperma subnudum var. subnudum,,Scapose greenthread,Present,
ARCH,Vascular Plant,Asterales,Asteraceae,138121,Townsendia annua,,Annual townsendia,Present,
ARCH,Vascular Plant,Asterales,Asteraceae,138133,Townsendia incana,,Hoary townsendia,Present,
ARCH,Vascular Plant,Asterales,Asteraceae,138150,Tragopogon dubius,,Yellow salsify,Present,
ARCH,Vascular Plant,Asterales,Asteraceae,138175,Vanclevea stylosa,,Resinbush,Present,
ARCH,Vascular Plant,Asterales,Asteraceae,139217,Wyethia scabra,,Rough mule's-ears,Present,
ARCH,Vascular Plant,Asterales,Asteraceae,215543,Xanthium strumarium var. canadense,Xanthium pensylvanicum (203651),Rough cocklebur,Present,
ARCH,Vascular Plant,Asterales,Asteraceae,215551,Xylorhiza glabriuscula var. linearifolia,,Moab woodyaster,Present,
ARCH,Vascular Plant,Asterales,Asteraceae,215555,Xylorhiza tortifolia var. imberbis,"Aster abatus (172090),Xylorhiza tortifolia (139233)",Hurtleaf woodyaster,Present,
ARCH,Vascular Plant,Asterales,Asteraceae,139234,Xylorhiza venusta,Aster venustus (173019),Cisco woodyaster,Present,
ARCH,Vascular Plant,Boraginales,Boraginaceae,213913,Cryptantha crassisepala var. elachantha,Cryptantha crassisepala (131112),Thick-sepaled cryptanth,Present,
ARCH,Vascular Plant,Boraginales,Boraginaceae,131078,Cryptantha flava,,Plateau yellow cryptanth,Present,
ARCH,Vascular Plant,Boraginales,Boraginaceae,131121,Cryptantha flavoculata,,Yellow-eye cryptanth,Present,
ARCH,Vascular Plant,Boraginales,Boraginaceae,132057,Cryptantha fulvocanescens,,Plateau cryptanth,Present,
ARCH,Vascular Plant,Boraginales,Boraginaceae,132075,Cryptantha kelseyana,,Kelsey's cryptanth,Present,
ARCH,Vascular Plant,Boraginales,Boraginaceae,132079,Cryptantha longiflora,,Long-flower cryptanth,Present,
ARCH,Vascular Plant,Boraginales,Boraginaceae,132100,Cryptantha osterhoutii,,Osterhout's cryptanth,Present,
ARCH,Vascular Plant,Boraginales,Boraginaceae,208195,Cryptantha pterocarya var. pterocarya,Cryptantha pterocarya (132106),Wing-nut cryptanth,Present,
ARCH,Vascular Plant,Boraginales,Boraginaceae,132111,Cryptantha recurvata,,Recurved cryptanth,Present,
ARCH,Vascular Plant,Boraginales,Boraginaceae,131085,Cryptantha tenuis,,Slender cryptanth,Present,
ARCH,Vascular Plant,Boraginales,Boraginaceae,132115,Cryptantha wetherillii,,Wetherill's cryptanth,Probably Present,
ARCH,Vascular Plant,Boraginales,Boraginaceae,132144,Cynoglossum officinale,,Common hound's-tongue,Probably Present,
ARCH,Vascular Plant,Boraginales,Boraginaceae,214083,Lappula occidentalis var. cupulata,"Lappula occidentalis (159251),Lappula redowskii (132851)",Cupseed stickseed,Present,
ARCH,Vascular Plant,Boraginales,Boraginaceae,132734,Lithospermum incisum,,Showy stoneseed,Present,
ARCH,Vascular Plant,Boraginales,Boraginaceae,211554,Nama densum var. parviflorum,,Leafy fiddleleaf,Probably Present,
ARCH,Vascular Plant,Boraginales,Boraginaceae,128539,Nama retrorsum,,Howell's nama,Present,
ARCH,Vascular Plant,Boraginales,Ehretiaceae,161384,Tiquilia latior,Coldenia hispidissima (131042),Matted tiquilia,Present,
ARCH,Vascular Plant,Boraginales,Heliotropiaceae,130273,Heliotropium convolvulaceum,,Bindweed heliotrope,Present,
ARCH,Vascular Plant,Boraginales,Heliotropiaceae,210266,Heliotropium curassavicum var. obovatum,,Salt heliotrope,Probably Present,
ARCH,Vascular Plant,Boraginales,Hydrophyllaceae,216050,Phacelia crenulata var. corrugata,Phacelia crenulata (129820),Corrugate phacelia,Present,
ARCH,Vascular Plant,Boraginales,Hydrophyllaceae,216055,Phacelia demissa var. demissa,,Brittle phacelia,Probably Present,
ARCH,Vascular Plant,Boraginales,Hydrophyllaceae,129884,Phacelia howelliana,,Howell's phacelia,Present,
ARCH,Vascular Plant,Boraginales,Hydrophyllaceae,160654,Phacelia ivesiana,,Ives' phacelia,Present,
ARCH,Vascular Plant,Brassicales,Brassicaceae,123368,Alyssum alyssoides,,Pale madwort,Probably Present,
ARCH,Vascular Plant,Brassicales,Brassicaceae,90395,Arabis pulchra var. pallens,Arabis pulchra (121290),Desert rockcress,Present,
ARCH,Vascular Plant,Brassicales,Brassicaceae,124508,Chorispora tenella,,Blue mustard,Present,
ARCH,Vascular Plant,Brassicales,Brassicaceae,124514,Conringia orientalis,,Hare's-ear mustard,Probably Present,
ARCH,Vascular Plant,Brassicales,Brassicaceae,122335,Descurainia californica,,California tansy-mustard,Probably Present,
ARCH,Vascular Plant,Brassicales,Brassicaceae,758630,Descurainia incana var. sonnei,,Mountain tansy-mustard,Present,
ARCH,Vascular Plant,Brassicales,Brassicaceae,222805,Descurainia pinnata var. osmiarum,,Western tansy-mustard,Probably Present,
ARCH,Vascular Plant,Brassicales,Brassicaceae,122359,Descurainia sophia,,Flixweed,Present,
ARCH,Vascular Plant,Brassicales,Brassicaceae,177619,Dithyrea wislizeni,,Spectacle-pod,Present,
ARCH,Vascular Plant,Brassicales,Brassicaceae,210907,Draba cuneifolia var. cuneifolia,Draba cuneifolia (122393),Wedgeleaf draba,Present,
ARCH,Vascular Plant,Brassicales,Brassicaceae,122431,Draba reptans,,Dwarf draba,Probably Present,
ARCH,Vascular Plant,Brassicales,Brassicaceae,224414,Erysimum asperum var. purshii,Erysimum asperum (123258),Sand dune wallflower,Present,
ARCH,Vascular Plant,Brassicales,Brassicaceae,217985,Lepidium alyssoides var. eastwoodiae,Lepidium montanum var. spathulatum (232430),Eastwood's tall pepperwort,Present,
ARCH,Vascular Plant,Brassicales,Brassicaceae,215007,Lepidium densiflorum var. ramosum,Lepidium densiflorum (123290),Prairie pepperwort,Present,
ARCH,Vascular Plant,Brassicales,Brassicaceae,123293,Lepidium fremontii,,Fremont's pepperwort,Probably Present,
ARCH,Vascular Plant,Brassicales,Brassicaceae,123297,Lepidium lasiocarpum,,Hairy-pod pepperwort,Probably Present,
ARCH,Vascular Plant,Brassicales,Brassicaceae,160462,Lepidium latifolium,,Broad-leaf pepperwort,Present,
ARCH,Vascular Plant,Brassicales,Brassicaceae,758615,Lepidium moabense,,Moab pepperplant,Present,
ARCH,Vascular Plant,Brassicales,Brassicaceae,215030,Lepidium montanum var. jonesii,Lepidium montanum (160467),Jones' pepperwort,Present,
ARCH,Vascular Plant,Brassicales,Brassicaceae,123305,Lepidium perfoliatum,,Clasping pepperwort,Present,
ARCH,Vascular Plant,Brassicales,Brassicaceae,125070,Malcolmia africana,,African mustard,Present,
ARCH,Vascular Plant,Brassicales,Brassicaceae,125083,Nasturtium officinale,Rorippa nasturtium-aquaticum (123326),Watercress,Present,
ARCH,Vascular Plant,Brassicales,Brassicaceae,213136,Physaria acutifolia var. acutifolia,"Physaria australis (125102),Physaria acutifolia (125100)",Sharp-leaf twinpod,Present,
ARCH,Vascular Plant,Brassicales,Brassicaceae,125112,Physaria newberryi,,Newberry's twinpod,Probably Present,
ARCH,Vascular Plant,Brassicales,Brassicaceae,125950,Sisymbrium altissimum,,Tumble mustard,Present,
ARCH,Vascular Plant,Brassicales,Brassicaceae,125968,Stanleya pinnata,,Prince's-plume,Present,
ARCH,Vascular Plant,Brassicales,Brassicaceae,125973,Streptanthella longirostris,,Long-beak fiddle-mustard,Present,
ARCH,Vascular Plant,Brassicales,Brassicaceae,125989,Streptanthus cordatus,,Heart-leaf jewelflower,Present,
ARCH,Vascular Plant,Brassicales,Brassicaceae,126032,Thelypodiopsis elegans,,Elegant thelypody,Present,
ARCH,Vascular Plant,Brassicales,Brassicaceae,239116,Thelypodium integrifolium var. gracilipes,Thelypodium integrifolium (126044),Moab thelypody,Present,
ARCH,Vascular Plant,Brassicales,Cleomaceae,120504,Cleome lutea,,Yellow beeplant,Present,
ARCH,Vascular Plant,Caryophyllales,Amaranthaceae,112940,Allenrolfea occidentalis,,Iodine bush,Present,
ARCH,Vascular Plant,Caryophyllales,Amaranthaceae,117557,Amaranthus albus,,Tumble pigweed,Present,
ARCH,Vascular Plant,Caryophyllales,Amaranthaceae,117602,Amaranthus blitoides,,Prostrate pigweed,Present,
ARCH,Vascular Plant,Caryophyllales,Amaranthaceae,120123,Amaranthus retroflexus,,Amaranthus retroflexus,Present,
ARCH,Vascular Plant,Caryophyllales,Amaranthaceae,106084,Atriplex canescens var. canescens,"Atriplex canescens var. occidentalis (217951),Atriplex canescens (111538)",Four-wing saltbush,Present,
ARCH,Vascular Plant,Caryophyllales,Amaranthaceae,111549,Atriplex confertifolia,,Shadscale,Present,
ARCH,Vascular Plant,Caryophyllales,Amaranthaceae,111583,Atriplex corrugata,,Mat saltbush,Present,
ARCH,Vascular Plant,Caryophyllales,Amaranthaceae,106096,Atriplex gardneri var. cuneata,Atriplex cuneata (113346),Castle Valley saltbush,Present,
ARCH,Vascular Plant,Caryophyllales,Amaranthaceae,758643,Atriplex garrettii var. garrettii,Atriplex garrettii (113435),Garrett's saltbush,Present,
ARCH,Vascular Plant,Caryophyllales,Amaranthaceae,758617,Bassia americana,Kochia americana (115539),Greenmolly,Probably Present,
ARCH,Vascular Plant,Caryophyllales,Amaranthaceae,117671,Bassia hyssopifolia,Echinopsilon hyssopifolium (758604),Five-horn smotherweed,Present,
ARCH,Vascular Plant,Caryophyllales,Amaranthaceae,289949,Bassia scoparia,Kochia scoparia (115561),Summer-cypress,Present,
ARCH,Vascular Plant,Caryophyllales,Amaranthaceae,216343,Chenopodium album var. album,,Lambsquarter,Present,
ARCH,Vascular Plant,Caryophyllales,Amaranthaceae,222504,Chenopodium album var. berlandieri,Chenopodium berlandieri (117738),Pitseed goosefoot,Present,
ARCH,Vascular Plant,Caryophyllales,Amaranthaceae,758619,Chenopodium dessicatum,"Chenopodium pratericola (153807),Chenopodium dessicatum (758627)",Desert goosefoot,Present,
ARCH,Vascular Plant,Caryophyllales,Amaranthaceae,209409,Chenopodium fremontii var. fremontii,Chenopodium fremontii (118285),Fremont's goosefoot,Present,
ARCH,Vascular Plant,Caryophyllales,Amaranthaceae,222546,Chenopodium glaucum var. salinum,,Oakleaf goosefoot,Probably Present,
ARCH,Vascular Plant,Caryophyllales,Amaranthaceae,118652,Chenopodium leptophyllum,,Narrow-leaf goosefoot,Probably Present,
ARCH,Vascular Plant,Caryophyllales,Amaranthaceae,175063,Corispermum americanum,"Corispermum hyssopifolium (155943),Corispermum villosum (175608)",American bugseed,Present,
ARCH,Vascular Plant,Caryophyllales,Amaranthaceae,758610,Cycloloma atriplicifolia,,Winged pigweed,Present,
ARCH,Vascular Plant,Caryophyllales,Amaranthaceae,115495,Grayia spinosa,,Spiny hopsage,Present,
ARCH,Vascular Plant,Caryophyllales,Amaranthaceae,115517,Halogeton glomeratus,,Halogeton,Present,
ARCH,Vascular Plant,Caryophyllales,Amaranthaceae,758641,Krascheninnikovia lanata var. lanata,"Eurotia lanata (114123),Krascheninnikovia lanata (158344)",Winterfat,Present,
ARCH,Vascular Plant,Caryophyllales,Amaranthaceae,758645,Krascheninnikovia lanata var. ruinina,,Ruin Park winterfat,Present,
ARCH,Vascular Plant,Caryophyllales,Amaranthaceae,115607,Monolepis nuttalliana,,Nuttall's poverty-weed,Present,
ARCH,Vascular Plant,Caryophyllales,Amaranthaceae,194163,Salsola tragus,"Salsola pestifer (111925),Salsola kali (111892)",Russian-thistle,Present,
ARCH,Vascular Plant,Caryophyllales,Amaranthaceae,165468,Suaeda calceoliformis,Suaeda depressa (111948),Broom seepweed,Present,
ARCH,Vascular Plant,Caryophyllales,Amaranthaceae,112874,Suaeda occidentalis,,Western seepweed,Present,
ARCH,Vascular Plant,Caryophyllales,Cactaceae,227977,Echinocereus triglochidiatus var. melanacanthus,Echinocereus triglochidiatus (105452),Claretcup,Present,
ARCH,Vascular Plant,Caryophyllales,Cactaceae,100531,Opuntia erinacea var. erinacea,Opuntia erinacea (104831),Common pricklypear,Present,
ARCH,Vascular Plant,Caryophyllales,Cactaceae,100535,Opuntia erinacea var. utahensis,Opuntia rhodantha (189432),Utah pricklypear,Present,
ARCH,Vascular Plant,Caryophyllales,Cactaceae,100555,Opuntia phaeacantha var. major,,Large pricklypear,Present,
ARCH,Vascular Plant,Caryophyllales,Cactaceae,100557,Opuntia polyacantha var. polyacantha,Opuntia polyacantha (105986),Plains prickly-pear,Probably Present,
ARCH,Vascular Plant,Caryophyllales,Cactaceae,100559,Opuntia polyacantha var. rufispina,Opuntia hystricina (188711),Rufous-spine prickly-pear,Present,
ARCH,Vascular Plant,Caryophyllales,Cactaceae,100560,Opuntia polyacantha var. trichophora,,Slenderspine pricklypear,Present,
ARCH,Vascular Plant,Caryophyllales,Cactaceae,108452,Opuntia whipplei,,Whipple's cholla,Probably Present,
ARCH,Vascular Plant,Caryophyllales,Cactaceae,240724,Sclerocactus whipplei var. roseus,"Sclerocactus parviflorus (109300),Echinocactus whipplei (181024)",Small-flower fishhook cactus,Present,
ARCH,Vascular Plant,Caryophyllales,Caryophyllaceae,219439,Arenaria fendleri var. eastwoodiae,Arenaria fendleri (107300),Eastwood's sandwort,Present,
ARCH,Vascular Plant,Caryophyllales,Caryophyllaceae,88974,Arenaria fendleri var. fendleri,,Fendler's sandwort,Probably Present,
ARCH,Vascular Plant,Caryophyllales,Caryophyllaceae,117118,Silene antirrhina,,Sleepy catchfly,Present,
ARCH,Vascular Plant,Caryophyllales,Caryophyllaceae,113304,Stellaria longifolia,,Long-leaved starwort,Probably Present,
ARCH,Vascular Plant,Caryophyllales,Montiaceae,114871,Talinum brevifolium,,Sausageleaf talinum,Present,
ARCH,Vascular Plant,Caryophyllales,Nyctaginaceae,103641,Abronia fragrans,,Fragrant sand-verbena,Present,
ARCH,Vascular Plant,Caryophyllales,Nyctaginaceae,669596,Mirabilis linearis var. linearis,"Mirabilis linearis (100394),Oxybaphus linearis (191717)",Narrow-leaf four-o'clock,Present,
ARCH,Vascular Plant,Caryophyllales,Nyctaginaceae,100427,Mirabilis multiflora,,Showy four-o'clock,Present,
ARCH,Vascular Plant,Caryophyllales,Nyctaginaceae,109418,Tripterocalyx micranthus,Tripterocalyx pedunculatus (204138),Small-flower sandpuffs,Present,
ARCH,Vascular Plant,Caryophyllales,Polygonaceae,119220,Eriogonum alatum,Eriogonum alatum ssp. brevifolium (758626),Winged wild buckwheat,Present,
ARCH,Vascular Plant,Caryophyllales,Polygonaceae,119779,Eriogonum bicolor,,Pretty wild buckwheat,Present,
ARCH,Vascular Plant,Caryophyllales,Polygonaceae,209049,Eriogonum cernuum var. cernuum,,Nodding wild buckwheat,Present,
ARCH,Vascular Plant,Caryophyllales,Polygonaceae,102438,Eriogonum corymbosum var. corymbosum,"Eriogonum divergens (182393),Eriogonum corymbosum (119808),Eriogonum corymbosum var. durum (758634)",Crisp-leaf wild buckwheat,Present,
ARCH,Vascular Plant,Caryophyllales,Polygonaceae,102442,Eriogonum corymbosum var. orbiculatum,,Rimrock wild buckwheat,Present,
ARCH,Vascular Plant,Caryophyllales,Polygonaceae,227487,Eriogonum corymbosum var. smithii,,Flat top wild buckwheat,Probably Present,
ARCH,Vascular Plant,Caryophyllales,Polygonaceae,119846,Eriogonum gordonii,,Gordon's wild buckwheat,Present,
ARCH,Vascular Plant,Caryophyllales,Polygonaceae,102498,Eriogonum inflatum var. fusiforme,,Grand Valley desert trumpet,Present,
ARCH,Vascular Plant,Caryophyllales,Polygonaceae,102496,Eriogonum inflatum var. inflatum,Eriogonum inflatum (119874),Desert trumpet,Present,
ARCH,Vascular Plant,Caryophyllales,Polygonaceae,209097,Eriogonum leptocladon var. leptocladon,Eriogonum leptocladon (119891),Sand wild buckwheat,Present,
ARCH,Vascular Plant,Caryophyllales,Polygonaceae,209105,Eriogonum microthecum var. laxiflorum,,Slender wild buckwheat,Present,
ARCH,Vascular Plant,Caryophyllales,Polygonaceae,102538,Eriogonum microthecum var. simpsonii,"Eriogonum microthecum (119906),Eriogonum microthecum var. foliosum (228239)",Slender wild buckwheat,Present,
ARCH,Vascular Plant,Caryophyllales,Polygonaceae,120731,Eriogonum ovalifolium,,Cushion wild buckwheat,Present,
ARCH,Vascular Plant,Caryophyllales,Polygonaceae,183281,Eriogonum salsuginosum,,smooth buckwheat,Present,
ARCH,Vascular Plant,Caryophyllales,Polygonaceae,120803,Eriogonum wetherillii,,Wetherill's wild buckwheat,Present,
ARCH,Vascular Plant,Caryophyllales,Polygonaceae,118747,Polygonum aviculare,,Yard knotweed,Present,
ARCH,Vascular Plant,Caryophyllales,Polygonaceae,117901,Polygonum lapathifolium,,Willow-weed,Present,
ARCH,Vascular Plant,Caryophyllales,Polygonaceae,115867,Rumex crispus,,Curly dock,Probably Present,
ARCH,Vascular Plant,Caryophyllales,Polygonaceae,118421,Rumex hymenosepalus,,Canaigre dock,Present,
ARCH,Vascular Plant,Caryophyllales,Polygonaceae,119135,Rumex venosus,,Veiny dock,Present,
ARCH,Vascular Plant,Caryophyllales,Portulacaceae,113142,Portulaca oleracea,,Common purslane,Present,
ARCH,Vascular Plant,Caryophyllales,Sarcobataceae,116621,Sarcobatus vermiculatus,,Greasewood,Present,
ARCH,Vascular Plant,Caryophyllales,Tamaricaceae,117479,Tamarix chinensis,"Tamarix pentandra (199434),Tamarix ramosissima (117482)",Five-stamen tamarisk,Present,
ARCH,Vascular Plant,Cornales,Cornaceae,155175,Cornus sericea var. sericea,,Red-osier dogwood,Present,
ARCH,Vascular Plant,Cornales,Hydrangeaceae,123515,Fendlera rupicola,,Fendlerbush,Present,
ARCH,Vascular Plant,Cornales,Hydrangeaceae,124431,Philadelphus microphyllus,,Littleleaf mock-orange,Present,
ARCH,Vascular Plant,Cornales,Loasaceae,159653,Mentzelia albicaulis,,White-stem blazingstar,Present,
ARCH,Vascular Plant,Cornales,Loasaceae,159718,Mentzelia multiflora,,Desert stickleaf,Present,
ARCH,Vascular Plant,Cornales,Loasaceae,159741,Mentzelia pterosperma,,Wing-seed stickleaf,Present,
ARCH,Vascular Plant,Cornales,Loasaceae,160319,Mentzelia thompsonii,,Thompson's stickleaf,Present,
ARCH,Vascular Plant,Dipsacales,Adoxaceae,237592,Sambucus racemosa var. microbotrys,Sambucus racemosa (131716),Red elderberry,Probably Present,
ARCH,Vascular Plant,Dipsacales,Caprifoliaceae,131725,Symphoricarpos longiflorus,,Long-flower snowberry,Present,
ARCH,Vascular Plant,Ephedrales,Ephedraceae,156858,Ephedra torreyana,,Torrey's ephedra,Present,
ARCH,Vascular Plant,Ephedrales,Ephedraceae,212012,Ephedra viridis var. viridis,Ephedra viridis (156860),Green ephedra,Present,
ARCH,Vascular Plant,Ephedrales,Ephedraceae,224502,Ephedra viridis var. viscida,,Cutler's ephedra,Present,
ARCH,Vascular Plant,Equisetales,Equisetaceae,79672,Equisetum arvense,,Field horsetail,Present,
ARCH,Vascular Plant,Equisetales,Equisetaceae,212434,Equisetum hyemale var. affine,"Equisetum prealtum (758625),Equisetum hyemale (79694)",Tall scouring-rush,Present,
ARCH,Vascular Plant,Equisetales,Equisetaceae,79716,Equisetum laevigatum,Equisetum kansanum (180581),Smooth scouring-rush,Present,
ARCH,Vascular Plant,Ericales,Polemoniaceae,138963,Eriastrum diffusum,,Spreading eriastrum,Probably Present,
ARCH,Vascular Plant,Ericales,Polemoniaceae,139836,Gilia inconspicua,,Shy gilia,Present,
ARCH,Vascular Plant,Ericales,Polemoniaceae,126959,Gilia subnuda,,Carmine gilia,Probably Present,
ARCH,Vascular Plant,Ericales,Polemoniaceae,157119,Ipomopsis aggregata var. aggregata,"Ipomopsis aggregata (126972),Gilia aggregata (183182)",Scarlet gilia,Present,
ARCH,Vascular Plant,Ericales,Polemoniaceae,127524,Ipomopsis gunnisonii,Gilia gunnisonii (183230),Gunnison's gilia,Present,
ARCH,Vascular Plant,Ericales,Polemoniaceae,126978,Ipomopsis longiflora,Gilia longiflora (183238),Longflower gilia,Probably Present,
ARCH,Vascular Plant,Ericales,Polemoniaceae,127530,Ipomopsis polycladon,Gilia polycladon (183797),Spreading gilia,Present,
ARCH,Vascular Plant,Ericales,Polemoniaceae,127531,Ipomopsis pumila,,Dwarf gilia,Present,
ARCH,Vascular Plant,Ericales,Polemoniaceae,127532,Ipomopsis roseata,Gilia roseata (183808),San Rafael gilia,Present,
ARCH,Vascular Plant,Ericales,Polemoniaceae,127549,Leptodactylon pungens,,Prickly-phlox,Probably Present,
ARCH,Vascular Plant,Ericales,Polemoniaceae,160486,Leptodactylon watsonii,,Watson's prickly-phlox,Present,
ARCH,Vascular Plant,Ericales,Polemoniaceae,758628,Phlox austromontana var. austromontana,Phlox austromontana (137207),Desert phlox,Probably Present,
ARCH,Vascular Plant,Ericales,Primulaceae,121712,Primula specuicola,,Cave primrose,Present,
ARCH,Vascular Plant,Fabales,Fabaceae,106216,Astragalus amphioxys var. amphioxys,Astragalus amphioxys (121424),Crescent milkvetch,Present,
ARCH,Vascular Plant,Fabales,Fabaceae,107748,Astragalus ceramicus var. ceramicus,Astragalus ceramicus (121471),Painted milkvetch,Present,
ARCH,Vascular Plant,Fabales,Fabaceae,107762,Astragalus coltonii var. moabensis,Astragalus coltonii (121487),Moab milkvetch,Present,
ARCH,Vascular Plant,Fabales,Fabaceae,121505,Astragalus cymboides,,Canoe milkvetch,Present,
ARCH,Vascular Plant,Fabales,Fabaceae,95332,Astragalus desperatus var. desperatus,Astragalus desperatus (121509),Rimrock milkvetch,Present,
ARCH,Vascular Plant,Fabales,Fabaceae,470846,Astragalus flavus var. flavus,Astragalus flavus (122072),Yellow milkvetch,Present,
ARCH,Vascular Plant,Fabales,Fabaceae,122078,Astragalus geyeri,,Geyer's milkvetch,Present,
ARCH,Vascular Plant,Fabales,Fabaceae,96140,Astragalus lentiginosus var. palans,Astragalus lentiginosus (122119),Straggling milkvetch,Present,
ARCH,Vascular Plant,Fabales,Fabaceae,122149,Astragalus moencoppensis,,Moenkopi milkvetch,Probably Present,
ARCH,Vascular Plant,Fabales,Fabaceae,96350,Astragalus mollissimus var. thompsoniae,Astragalus mollissimus (122152),Woolly milkvetch,Present,
ARCH,Vascular Plant,Fabales,Fabaceae,96401,Astragalus praelongus var. ellisiae,Astragalus praelongus (123009),Ellis' milkvetch,Present,
ARCH,Vascular Plant,Fabales,Fabaceae,96412,Astragalus preussii var. latus,"Astragalus preussii (123011),Astragalus preussii var. preussii (96411)",Preuss' milkvetch,Present,
ARCH,Vascular Plant,Fabales,Fabaceae,123036,Astragalus sabulonum,,Gravel milkvetch,Present,
ARCH,Vascular Plant,Fabales,Fabaceae,91834,Caesalpinia repens,,Creeping rush-pea,Present,
ARCH,Vascular Plant,Fabales,Fabaceae,758612,Dalea flavescens var. flavescens,Petalostemon flavescens (192400),Kanab prairie-clover,Present,
ARCH,Vascular Plant,Fabales,Fabaceae,176489,Dalea oligophylla,Petalostemon occidentale (758614),White prairie-clover,Present,
ARCH,Vascular Plant,Fabales,Fabaceae,121876,Glycyrrhiza lepidota,,Nuttall's licorice,Present,
ARCH,Vascular Plant,Fabales,Fabaceae,294353,Hedysarum boreale var. boreale,Hedysarum boreale (121882),Northern sweetvetch,Present,
ARCH,Vascular Plant,Fabales,Fabaceae,231211,Lathyrus brachycalyx var. zionis,,Zion sweetpea,Present,
ARCH,Vascular Plant,Fabales,Fabaceae,295088,Lupinus argenteus var. argenteus,Lupinus argenteus (162956),Silvery lupine,Present,
ARCH,Vascular Plant,Fabales,Fabaceae,162958,Lupinus brevicaulis,,Shortstem lupine,Present,
ARCH,Vascular Plant,Fabales,Fabaceae,758636,Lupinus pusillus var. pusillus,Lupinus pusillus (125654),Dwarf lupine,Present,
ARCH,Vascular Plant,Fabales,Fabaceae,94869,Medicago sativa,,Alfalfa,Present,
ARCH,Vascular Plant,Fabales,Fabaceae,126512,Melilotus alba,,White sweet-clover,Present,
ARCH,Vascular Plant,Fabales,Fabaceae,126514,Melilotus officinalis,,Yellow sweet-clover,Present,
ARCH,Vascular Plant,Fabales,Fabaceae,159492,Pediomelum megalanthum,,Large-flowered breadroot,Present,
ARCH,Vascular Plant,Fabales,Fabaceae,758640,Psoralidium lanceolatum var. lanceolatum,"Psoralea lanceolata (123683),Psoralidium lanceolatum (159874)",Lemon scurf-pea,Present,
ARCH,Vascular Plant,Fabales,Fabaceae,235186,Psoralidium lanceolatum var. stenophyllum,,Slenderleaf scurfpea,Present,
ARCH,Vascular Plant,Fabales,Fabaceae,163396,Robinia pseudoacacia,,Black locust,Present,
ARCH,Vascular Plant,Fabales,Fabaceae,123752,Sophora stenophylla,,Silvery sophora,Present,
ARCH,Vascular Plant,Fabales,Polygalaceae,131507,Polygala subspinosa,,Cushion milkwort,Present,
ARCH,Vascular Plant,Fagales,Betulaceae,103562,Betula occidentalis,,Water birch,Present,
ARCH,Vascular Plant,Fagales,Fagaceae,105663,Quercus gambelii var. gambelii,Quercus gambelii (102209),Gambel's oak,Present,
ARCH,Vascular Plant,Fagales,Fagaceae,100115,Quercus turbinella,,Turbinella live-oak,Present,
ARCH,Vascular Plant,Fagales,Fagaceae,758620,Quercus welshii,"Quercus havardii var. tuckeri (217127),Quercus undulata (100159)",Shinnery oak,Present,
ARCH,Vascular Plant,Fagales,Fagaceae,753672,Quercus X eastwoodiae,,Eastwood's oak,Probably Present,
ARCH,Vascular Plant,Gentianales,Apocynaceae,94634,Amsonia tomentosa var. stenophylla,Amsonia tomentosa (130893),Tomentose amsonia,Present,
ARCH,Vascular Plant,Gentianales,Apocynaceae,130900,Apocynum cannabinum,,Common dogbane,Present,
ARCH,Vascular Plant,Gentianales,Apocynaceae,758649,Asclepias asperula var. asperula,,Spider milkweed,Probably Present,
ARCH,Vascular Plant,Gentianales,Apocynaceae,667045,Asclepias cryptoceras var. cryptoceras,Asclepias cryptoceras (131811),Pallid milkweed,Present,
ARCH,Vascular Plant,Gentianales,Apocynaceae,131831,Asclepias involucrata,,Dwarf milkweed,Probably Present,
ARCH,Vascular Plant,Gentianales,Apocynaceae,131834,Asclepias latifolia,,Broadleaf milkweed,Present,
ARCH,Vascular Plant,Gentianales,Apocynaceae,131840,Asclepias macrosperma,,Bigseed milkweed,Present,
ARCH,Vascular Plant,Gentianales,Apocynaceae,131861,Asclepias ruthiae,,Ruth's milkweed,Present,
ARCH,Vascular Plant,Gentianales,Apocynaceae,131864,Asclepias speciosa,,Showy milkweed,Present,
ARCH,Vascular Plant,Gentianales,Apocynaceae,131868,Asclepias subverticillata,,Whorled milkweed,Present,
ARCH,Vascular Plant,Gentianales,Gentianaceae,129025,Centaurium exaltatum,,Great Basin centaury,Present,
ARCH,Vascular Plant,Gentianales,Gentianaceae,130863,Swertia utahensis,,Utah swertia,Present,
ARCH,Vascular Plant,Gentianales,Rubiaceae,224230,Galium aparine var. echinospermum,,Cleavers,Present,
ARCH,Vascular Plant,Gentianales,Rubiaceae,224837,Galium multiflorum var. coloradoense,Galium coloradoense (138038),Colorado bedstraw,Present,
ARCH,Vascular Plant,Gentianales,Rubiaceae,667086,Galium multiflorum var. multiflorum,,Shrubby bedstraw,Present,
ARCH,Vascular Plant,Gentianales,Rubiaceae,138799,Galium triflorum,,Sweet-scented bedstraw,Present,
ARCH,Vascular Plant,Geraniales,Geraniaceae,130117,Erodium cicutarium,,Stork's-bill,Present,
ARCH,Vascular Plant,Lamiales,Bignoniaceae,134514,Catalpa bignonioides,,Common catalpa,Present,
ARCH,Vascular Plant,Lamiales,Lamiaceae,135626,Hedeoma drummondii,,Mock pennyroyal,Present,
ARCH,Vascular Plant,Lamiales,Lamiaceae,136481,Marrubium vulgare,,Common horehound,Probably Present,
ARCH,Vascular Plant,Lamiales,Lamiaceae,164295,Poliomintha incana,,Purple sage,Present,
ARCH,Vascular Plant,Lamiales,Oleaceae,129710,Forestiera pubescens,,Desert olive,Present,
ARCH,Vascular Plant,Lamiales,Oleaceae,129688,Fraxinus anomala,,Singleleaf ash,Present,
ARCH,Vascular Plant,Lamiales,Orobanchaceae,131164,Castilleja exilis,,Annual paintbrush,Present,
ARCH,Vascular Plant,Lamiales,Orobanchaceae,133158,Castilleja linariifolia,,Wyoming paintbrush,Present,
ARCH,Vascular Plant,Lamiales,Orobanchaceae,207562,Castilleja scabrida var. scabrida,Castilleja scabrida (135017),Eastwood's paintbrush,Present,
ARCH,Vascular Plant,Lamiales,Orobanchaceae,138331,Cordylanthus wrightii,,Wright's bird's-beak,Present,
ARCH,Vascular Plant,Lamiales,Orobanchaceae,134488,Orobanche fasciculata,,Clustered broomrape,Present,
ARCH,Vascular Plant,Lamiales,Orobanchaceae,232892,Orobanche ludoviciana var. cooperi,Orobanche ludoviciana (134489),Cooper's broomrape,Present,
ARCH,Vascular Plant,Lamiales,Phrymaceae,135767,Mimulus eastwoodiae,,Eastwood's monkey-flower,Present,
ARCH,Vascular Plant,Lamiales,Phrymaceae,135770,Mimulus floribundus,,Seep monkeyflower,Present,
ARCH,Vascular Plant,Lamiales,Phrymaceae,758602,Mimulus glabratus var. utahensis,,Glabrous monkeyflower,Present,
ARCH,Vascular Plant,Lamiales,Plantaginaceae,161635,Linaria dalmatica,,Dalmatian toadflax,Present,
ARCH,Vascular Plant,Lamiales,Plantaginaceae,758632,Penstemon barbatus var. barbatus,Penstemon barbatus (131581),Beardlip penstemon,Probably Present,
ARCH,Vascular Plant,Lamiales,Plantaginaceae,131628,Penstemon cyanocaulis,,Bluestem penstemon,Present,
ARCH,Vascular Plant,Lamiales,Plantaginaceae,231087,Penstemon eatonii var. undosus,Penstemon eatonii (130627),Undulate penstemon,Present,
ARCH,Vascular Plant,Lamiales,Plantaginaceae,131655,Penstemon fremontii,,Fremont's penstemon,Probably Present,
ARCH,Vascular Plant,Lamiales,Plantaginaceae,159579,Penstemon ophianthus,,Loa penstemon,Present,
ARCH,Vascular Plant,Lamiales,Plantaginaceae,131536,Penstemon utahensis,,Utah penstemon,Present,
ARCH,Vascular Plant,Lamiales,Plantaginaceae,129351,Plantago lanceolata,,English plantain,Present,
ARCH,Vascular Plant,Lamiales,Plantaginaceae,129365,Plantago major,,Common plantain,Present,
ARCH,Vascular Plant,Lamiales,Plantaginaceae,129388,Plantago patagonica,Plantago purshii (190334),Woolly plantain,Present,
ARCH,Vascular Plant,Lamiales,Plantaginaceae,288388,Veronica anagallis-aquatica,,Water speedwell,Present,
ARCH,Vascular Plant,Lamiales,Scrophulariaceae,136663,Verbascum thapsus,,Woolly mullein,Present,
ARCH,Vascular Plant,Lamiales,Verbenaceae,133024,Verbena bracteata,,Prostrate vervain,Probably Present,
ARCH,Vascular Plant,Liliales,Liliaceae,772647,Calochortus ciscoensis,,Cisco sego-lily,Present,
ARCH,Vascular Plant,Liliales,Liliaceae,140671,Calochortus nuttallii,,Sego-lily,Present,
ARCH,Vascular Plant,Liliales,Liliaceae,141673,Eremocrinum albomarginatum,,Sand lily,Present,
ARCH,Vascular Plant,Liliales,Melanthiaceae,168068,Zigadenus vaginatus,,Alcove death camas,Present,
ARCH,Vascular Plant,Malpighiales,Euphorbiaceae,153253,Chamaesyce fendleri,Euphorbia fendleri (132048),Fendler's spurge,Present,
ARCH,Vascular Plant,Malpighiales,Euphorbiaceae,153260,Chamaesyce glyptosperma,,Ridge-seeded spurge,Present,
ARCH,Vascular Plant,Malpighiales,Euphorbiaceae,153314,Chamaesyce parryi,Euphorbia parryi (132901),Parry's spurge,Present,
ARCH,Vascular Plant,Malpighiales,Euphorbiaceae,132026,Euphorbia brachycera,Euphorbia robusta (132919),Shorthorn spurge,Present,
ARCH,Vascular Plant,Malpighiales,Euphorbiaceae,124247,Tragia ramosa,,Noseburn,Present,
ARCH,Vascular Plant,Malpighiales,Linaceae,131410,Linum aristatum,,Broom-flax,Present,
ARCH,Vascular Plant,Malpighiales,Linaceae,205471,Linum perenne ssp. lewisii,,Blue flax,Present,
ARCH,Vascular Plant,Malpighiales,Salicaceae,119648,Populus alba,,White poplar,Present,
ARCH,Vascular Plant,Malpighiales,Salicaceae,758601,Populus fremontii var. fremontii,Populus fremontii (119656),Fremont cottonwood,Present,
ARCH,Vascular Plant,Malpighiales,Salicaceae,119654,Populus X canadensis,,Carolina poplar,Present,
ARCH,Vascular Plant,Malpighiales,Salicaceae,758633,Populus X intercurrens,,Lance-leaf cottonwood,Present,
ARCH,Vascular Plant,Malpighiales,Salicaceae,119700,Salix amygdaloides,,Peach-leaf willow,Present,
ARCH,Vascular Plant,Malpighiales,Salicaceae,238770,Salix eriocephala var. watsonii,Salix lutea (119763),Yellow willow,Present,
ARCH,Vascular Plant,Malpighiales,Salicaceae,239458,Salix exigua var. stenophylla,Salix exigua (119734),Coyote willow,Present,
ARCH,Vascular Plant,Malpighiales,Salicaceae,119745,Salix gooddingii,,Goodding's black willow,Present,
ARCH,Vascular Plant,Malpighiales,Salicaceae,201630,Salix lucida ssp. caudata,Salix lasiandra (119758),Whiplash willow,Present,
ARCH,Vascular Plant,Malpighiales,Violaceae,126945,Viola nephrophylla,,Northern bog violet,Present,
ARCH,Vascular Plant,Malvales,Malvaceae,123210,Hibiscus trionum,,Flower-of-an-Hour,Present,
ARCH,Vascular Plant,Malvales,Malvaceae,125791,Sphaeralcea coccinea,,Scarlet globe-mallow,Present,
ARCH,Vascular Plant,Malvales,Malvaceae,125820,Sphaeralcea leptophylla,,Slenderleaf globemallow,Present,
ARCH,Vascular Plant,Malvales,Malvaceae,125827,Sphaeralcea parvifolia,,Small-leaf globemallow,Present,
ARCH,Vascular Plant,Myrtales,Lythraceae,125215,Lythrum salicaria,,Purple loosestrife,Present,
ARCH,Vascular Plant,Myrtales,Onagraceae,128755,Camissonia eastwoodiae,,Eastwood's camissonia,Present,
ARCH,Vascular Plant,Myrtales,Onagraceae,224541,Epilobium angustifolium var. canescens,Epilobium angustifolium (126648),Fireweed,Probably Present,
ARCH,Vascular Plant,Myrtales,Onagraceae,126658,Epilobium ciliatum,Epilobium adenocaulon (179561),Northern willow-herb,Present,
ARCH,Vascular Plant,Myrtales,Onagraceae,129461,Gaura parviflora,,Small-flowered gaura,Present,
ARCH,Vascular Plant,Myrtales,Onagraceae,292892,Oenothera caespitosa var. marginata,Oenothera caespitosa (289377),Long-tube evening-primrose,Present,
ARCH,Vascular Plant,Myrtales,Onagraceae,292894,Oenothera caespitosa var. navajoensis,,Paria evening-primrose,Present,
ARCH,Vascular Plant,Myrtales,Onagraceae,127871,Oenothera longissima,,Bridges evening-primrose,Present,
ARCH,Vascular Plant,Myrtales,Onagraceae,669638,Oenothera pallida var. pallida,Oenothera pallida (127880),Pale evening-primrose,Present,
ARCH,Vascular Plant,Myrtales,Onagraceae,230476,Oenothera pallida var. trichocalyx,,Pale evening-primrose,Probably Present,
ARCH,Vascular Plant,Pinales,Cupressaceae,103539,Juniperus osteosperma,,Utah juniper,Present,
ARCH,Vascular Plant,Pinales,Cupressaceae,103554,Juniperus scopulorum,,Rocky Mountain juniper,Present,
ARCH,Vascular Plant,Pinales,Pinaceae,93083,Pinus edulis,,Two-needle pinyon,Present,
ARCH,Vascular Plant,Poales,Cyperaceae,145321,Carex aurea,,Golden sedge,Present,
ARCH,Vascular Plant,Poales,Cyperaceae,145333,Carex hystericina,,Bottlebrush sedge,Present,
ARCH,Vascular Plant,Poales,Cyperaceae,137555,Carex nebrascensis,,Nebraska sedge,Present,
ARCH,Vascular Plant,Poales,Cyperaceae,166951,Carex pellita,Carex lanuginosa (145335),Woolly sedge,Present,
ARCH,Vascular Plant,Poales,Cyperaceae,137616,Carex praegracilis,,Blackcreeper sedge,Present,
ARCH,Vascular Plant,Poales,Cyperaceae,138215,Carex subfusca,,Rusty sedge,Probably Present,
ARCH,Vascular Plant,Poales,Cyperaceae,138281,Cyperus erythrorhizos,,Redroot flat-sedge,Present,
ARCH,Vascular Plant,Poales,Cyperaceae,291359,Cyperus esculentus,,Chufa flat-sedge,Present,
ARCH,Vascular Plant,Poales,Cyperaceae,139092,Eleocharis palustris,,Common spikerush,Present,
ARCH,Vascular Plant,Poales,Cyperaceae,140933,Scirpus acutus,,Hardstem bulrush,Present,
ARCH,Vascular Plant,Poales,Cyperaceae,140926,Scirpus maritimus,,Alkali bulrush,Present,
ARCH,Vascular Plant,Poales,Cyperaceae,240676,Scirpus pungens var. longispicatus,Scirpus pungens (141773),Three-square bulrush,Present,
ARCH,Vascular Plant,Poales,Cyperaceae,140931,Scirpus validus,,Soft-stem bulrush,Probably Present,
ARCH,Vascular Plant,Poales,Juncaceae,143438,Juncus arcticus,"Juncus arcticus var. balticus (228511),Juncus balticus (143439)",Baltic rush,Present,
ARCH,Vascular Plant,Poales,Juncaceae,143467,Juncus articulatus,,Jointed rush,Present,
ARCH,Vascular Plant,Poales,Juncaceae,143443,Juncus bufonius,,Toad rush,Present,
ARCH,Vascular Plant,Poales,Juncaceae,228555,Juncus ensifolius var. brunnescens,"Juncus ensifolius (143489),Juncus saximontanus var. brunnescens (758637)",Tracy's rush,Present,
ARCH,Vascular Plant,Poales,Juncaceae,228560,Juncus ensifolius var. montanus,,Mountain rush,Probably Present,
ARCH,Vascular Plant,Poales,Juncaceae,158272,Juncus longistylis,,Longstyle rush,Present,
ARCH,Vascular Plant,Poales,Juncaceae,143518,Juncus nevadensis,,Nevada rush,Probably Present,
ARCH,Vascular Plant,Poales,Juncaceae,143461,Juncus tenuis,,Poverty rush,Present,
ARCH,Vascular Plant,Poales,Juncaceae,144366,Juncus torreyi,,Torrey's rush,Present,
ARCH,Vascular Plant,Poales,Poaceae,86378,Aegilops cylindrica,,Jointed goatgrass,Present,
ARCH,Vascular Plant,Poales,Poaceae,86312,Agropyron cristatum,Agropyron desertorum (141881),Crested wheatgrass,Present,
ARCH,Vascular Plant,Poales,Poaceae,142869,Agrostis stolonifera,Agrostis alba (142857),Redtop,Present,
ARCH,Vascular Plant,Poales,Poaceae,140392,Aristida purpurea,"Aristida fendleriana (140379),Aristida longiseta (170414),Aristida glauca (140383)",Purple three-awn,Present,
ARCH,Vascular Plant,Poales,Poaceae,140988,Bothriochloa ischaemum,,yellow bluestem,Present,
ARCH,Vascular Plant,Poales,Poaceae,140999,Bouteloua barbata,,Sixweeks grama,Present,
ARCH,Vascular Plant,Poales,Poaceae,141003,Bouteloua curtipendula,,Sideoats grama,Present,
ARCH,Vascular Plant,Poales,Poaceae,140994,Bouteloua gracilis,,Blue grama,Present,
ARCH,Vascular Plant,Poales,Poaceae,142958,Bromus carinatus,Bromus marginatus (154610),Mountain brome,Present,
ARCH,Vascular Plant,Poales,Poaceae,142976,Bromus diandrus,,ripgut brome,Present,
ARCH,Vascular Plant,Poales,Poaceae,142955,Bromus japonicus,,Japanese chess,Present,
ARCH,Vascular Plant,Poales,Poaceae,143551,Bromus tectorum,,Cheatgrass,Present,
ARCH,Vascular Plant,Poales,Poaceae,143597,Calamagrostis scopulorum,,Jones' reedgrass,Present,
ARCH,Vascular Plant,Poales,Poaceae,143602,Cenchrus longispinus,Cenchrus pauciflorus (173241),Field sandbur,Present,
ARCH,Vascular Plant,Poales,Poaceae,141066,Chloris virgata,,Feather finger grass,Present,
ARCH,Vascular Plant,Poales,Poaceae,103360,Dactylis glomerata,,Orchard grass,Present,
ARCH,Vascular Plant,Poales,Poaceae,143640,Digitaria sanguinalis,,Hairy crabgrass,Present,
ARCH,Vascular Plant,Poales,Poaceae,144524,Distichlis spicata,Distichlis stricta (176645),Desert saltgrass,Present,
ARCH,Vascular Plant,Poales,Poaceae,155230,Echinochloa crus-galli,,Barnyard-grass,Present,
ARCH,Vascular Plant,Poales,Poaceae,144547,Elymus canadensis,,Canada wildrye,Present,
ARCH,Vascular Plant,Poales,Poaceae,144553,Elymus cinereus,,Great Basin wildrye,Present,
ARCH,Vascular Plant,Poales,Poaceae,156044,Elymus elymoides,Sitanion hystrix (146020),Squirreltail,Present,
ARCH,Vascular Plant,Poales,Poaceae,156050,Elymus lanceolatus,Agropyron dasystachyum (141872),Thickspike wheatgrass,Probably Present,
ARCH,Vascular Plant,Poales,Poaceae,178087,Elymus salinus,,Salina wildrye,Present,
ARCH,Vascular Plant,Poales,Poaceae,178093,Elymus smithii,Agropyron smithii (141895),Western wheatgrass,Present,
ARCH,Vascular Plant,Poales,Poaceae,156082,Elymus trachycaulus,Agropyron trachycaulum (141869),Slender wheatgrass,Present,
ARCH,Vascular Plant,Poales,Poaceae,142033,Enneapogon desvauxii,,Spike pappusgrass,Present,
ARCH,Vascular Plant,Poales,Poaceae,144590,Eragrostis hypnoides,,Teal lovegrass,Present,
ARCH,Vascular Plant,Poales,Poaceae,144592,Eragrostis pectinacea,,tufted lovegrass,Present,
ARCH,Vascular Plant,Poales,Poaceae,143273,Eremopyrum triticeum,,Annual wheatgrass,Present,
ARCH,Vascular Plant,Poales,Poaceae,143289,Erioneuron pilosum,Tridens pilosus (201167),Hairy tridens,Present,
ARCH,Vascular Plant,Poales,Poaceae,143290,Erioneuron pulchellum,Tridens pulchellus (201169),Fluffgrass,Present,
ARCH,Vascular Plant,Poales,Poaceae,182851,Festuca octoflora,,Six-weeks fescue,Present,
ARCH,Vascular Plant,Poales,Poaceae,145642,Festuca ovina,,Sheep fescue,Probably Present,
ARCH,Vascular Plant,Poales,Poaceae,145662,Festuca pratensis,,Meadow fescue,Present,
ARCH,Vascular Plant,Poales,Poaceae,145674,Glyceria striata,,Fowl mannagrass,Present,
ARCH,Vascular Plant,Poales,Poaceae,143329,Hilaria jamesii,,Galleta,Present,
ARCH,Vascular Plant,Poales,Poaceae,146261,Hordeum jubatum,,Foxtail barley,Present,
ARCH,Vascular Plant,Poales,Poaceae,146272,Hordeum murinum,,Rabbit barley,Present,
ARCH,Vascular Plant,Poales,Poaceae,144144,Muhlenbergia andina,,Foxtail muhly,Present,
ARCH,Vascular Plant,Poales,Poaceae,144160,Muhlenbergia asperifolia,,Scratchgrass,Present,
ARCH,Vascular Plant,Poales,Poaceae,144190,Muhlenbergia mexicana,,Mexican muhly,Present,
ARCH,Vascular Plant,Poales,Poaceae,144200,Muhlenbergia pungens,,Sandhill muhly,Present,
ARCH,Vascular Plant,Poales,Poaceae,144211,Muhlenbergia thurberi,Muhlenbergia curtifolia (144166),Thurber's muhly,Present,
ARCH,Vascular Plant,Poales,Poaceae,159909,Munroa squarrosa,,False buffalograss,Present,
ARCH,Vascular Plant,Poales,Poaceae,187758,Panicum acuminatum,Panicum tennesseensis (758605),Bundle panicgrass,Present,
ARCH,Vascular Plant,Poales,Poaceae,146309,Panicum capillare,,Witchgrass,Present,
ARCH,Vascular Plant,Poales,Poaceae,146345,Panicum obtusum,,Vine mesquite,Present,
ARCH,Vascular Plant,Poales,Poaceae,146308,Panicum virgatum,,Switchgrass,Present,
ARCH,Vascular Plant,Poales,Poaceae,147308,Phleum pratense,,Timothy,Present,
ARCH,Vascular Plant,Poales,Poaceae,147319,Phragmites australis,Phragmites communis (147320),Common reed,Present,
ARCH,Vascular Plant,Poales,Poaceae,148065,Poa bulbosa,,Bulbous bluegrass,Probably Present,
ARCH,Vascular Plant,Poales,Poaceae,164251,Poa fendleriana,Poa longiligula (191995),Muttongrass,Present,
ARCH,Vascular Plant,Poales,Poaceae,147336,Poa pratensis,,Kentucky bluegrass,Present,
ARCH,Vascular Plant,Poales,Poaceae,147354,Poa secunda,,Sandberg's bluegrass,Present,
ARCH,Vascular Plant,Poales,Poaceae,148129,Polypogon interruptus,,ditch polypogon,Present,
ARCH,Vascular Plant,Poales,Poaceae,148126,Polypogon monspeliensis,,Rabbitfoot-grass,Present,
ARCH,Vascular Plant,Poales,Poaceae,148154,Puccinellia distans,,Weeping alkaligrass,Present,
ARCH,Vascular Plant,Poales,Poaceae,165191,Saccharum ravennae,,Ravenna grass,Probably Present,
ARCH,Vascular Plant,Poales,Poaceae,145163,Schismus arabicus,,Arabian grass,Present,
ARCH,Vascular Plant,Poales,Poaceae,145997,Schizachyrium scoparium,Andropogon scoparius (142925),Little bluestem,Present,
ARCH,Vascular Plant,Poales,Poaceae,146013,Secale cereale,,Cultivated rye,Probably Present,
ARCH,Vascular Plant,Poales,Poaceae,293284,Setaria glauca,,yellow bristlegrass,Present,
ARCH,Vascular Plant,Poales,Poaceae,139244,Setaria viridis,,Green bristlegrass,Present,
ARCH,Vascular Plant,Poales,Poaceae,139287,Spartina gracilis,,Alkali cordgrass,Present,
ARCH,Vascular Plant,Poales,Poaceae,139289,Spartina pectinata,,Prairie cordgrass,Present,
ARCH,Vascular Plant,Poales,Poaceae,139296,Sphenopholis obtusata,,Prairie wedgegrass,Present,
ARCH,Vascular Plant,Poales,Poaceae,758629,Sporobolus airoides var. airoides,Sporobolus airoides (146055),Alkali sacaton,Present,
ARCH,Vascular Plant,Poales,Poaceae,146059,Sporobolus contractus,,Spike dropseed,Present,
ARCH,Vascular Plant,Poales,Poaceae,146060,Sporobolus cryptandrus,,Sand dropseed,Present,
ARCH,Vascular Plant,Poales,Poaceae,146065,Sporobolus flexuosus,,Mesa dropseed,Present,
ARCH,Vascular Plant,Poales,Poaceae,146066,Sporobolus giganteus,,Giant dropseed,Present,
ARCH,Vascular Plant,Poales,Poaceae,758621,Stipa arnowiae,,Arnow's needlegrass,Present,
ARCH,Vascular Plant,Poales,Poaceae,217811,Stipa comata var. comata,Stipa comata (146104),Needle-and-thread,Present,
ARCH,Vascular Plant,Poales,Poaceae,235526,Stipa coronata var. depauperata,,Depauperate needlegrass,Probably Present,
ARCH,Vascular Plant,Poales,Poaceae,200469,Stipa hymenoides,Oryzopsis hymenoides (145077),Indian ricegrass,Present,
ARCH,Vascular Plant,Poales,Poaceae,146679,Stipa speciosa,,Desert needlegrass,Present,
ARCH,Vascular Plant,Poales,Poaceae,146717,Tridens muticus,,Slim tridens,Present,
ARCH,Vascular Plant,Poales,Poaceae,146727,Triticum aestivum,,Wheat,Present,
ARCH,Vascular Plant,Poales,Typhaceae,147661,Typha domingensis,,Southern cattail,Present,
ARCH,Vascular Plant,Poales,Typhaceae,147660,Typha latifolia,,Broad-leaved cattail,Present,
ARCH,Vascular Plant,Polypodiales,Dennstaedtiaceae,217047,Pteridium aquilinum var. pubescens,Pteridium aquilinum (74576),Bracken fern,Present,
ARCH,Vascular Plant,Polypodiales,Pteridaceae,81002,Adiantum capillus-veneris,,Southern maidenhair fern,Present,
ARCH,Vascular Plant,Polypodiales,Pteridaceae,81606,Cheilanthes feei,,Slender lip-fern,Present,
ARCH,Vascular Plant,Polypodiales,Pteridaceae,76741,Pellaea breweri,,Brewer's cliff-brake,Probably Present,
ARCH,Vascular Plant,Polypodiales,Pteridaceae,231026,Pellaea glabella var. occidentalis,Pellaea glabella (77578),Western cliffbrake,Present,
ARCH,Vascular Plant,Polypodiales,Pteridaceae,196811,Pellaea limitanea,,Border cloak-fern,Present,
ARCH,Vascular Plant,Polypodiales,Woodsiaceae,84468,Cystopteris fragilis,Cystopteris utahensis (156243),Brittle bladder fern,Present,
ARCH,Vascular Plant,Ranunculales,Berberidaceae,95977,Berberis fendleri,,Fendler's barberry,Present,
ARCH,Vascular Plant,Ranunculales,Berberidaceae,104803,Mahonia fremontii,,Fremont's mahonia,Present,
ARCH,Vascular Plant,Ranunculales,Berberidaceae,104816,Mahonia repens,Berberis fremontii (95988),Oregon-grape,Present,
ARCH,Vascular Plant,Ranunculales,Papaveraceae,226011,Corydalis aurea var. occidentalis,Corydalis aurea (99305),Golden corydalis,Present,
ARCH,Vascular Plant,Ranunculales,Ranunculaceae,97141,Aquilegia micrantha,,Alcove columbine,Present,
ARCH,Vascular Plant,Ranunculales,Ranunculaceae,93504,Clematis ligusticifolia,,White virgin's-bower,Present,
ARCH,Vascular Plant,Ranunculales,Ranunculaceae,229290,Delphinium andersonii var. scaposum,"Delphinium scaposum (88549),Delphinium andersonii (156272)",Pale larkspur,Present,
ARCH,Vascular Plant,Ranunculales,Ranunculaceae,92831,Delphinium nuttallianum,,Nuttall's larkspur,Present,
ARCH,Vascular Plant,Ranunculales,Ranunculaceae,96869,Ranunculus cymbalaria,,Marsh buttercup,Present,
ARCH,Vascular Plant,Ranunculales,Ranunculaceae,89751,Ranunculus testiculatus,,Bur buttercup,Present,
ARCH,Vascular Plant,Rosales,Cannabaceae,102979,Celtis reticulata,,Netleaf hackberry,Present,
ARCH,Vascular Plant,Rosales,Elaeagnaceae,130518,Elaeagnus angustifolia,,Russian-olive,Present,
ARCH,Vascular Plant,Rosales,Moraceae,103873,Morus alba,,White mulberry,Present,
ARCH,Vascular Plant,Rosales,Rhamnaceae,124792,Rhamnus betulifolia,,Birchleaf buckthorn,Present,
ARCH,Vascular Plant,Rosales,Rosaceae,129597,Amelanchier utahensis,,Utah serviceberry,Present,
ARCH,Vascular Plant,Rosales,Rosaceae,129610,Cercocarpus intricatus,,Dwarf mountain mahogany,Present,
ARCH,Vascular Plant,Rosales,Rosaceae,129613,Cercocarpus montanus,,Alder-leaf mountain mahogany,Present,
ARCH,Vascular Plant,Rosales,Rosaceae,129629,Coleogyne ramosissima,,Blackbrush,Present,
ARCH,Vascular Plant,Rosales,Rosaceae,130595,Holodiscus dumosus,,Bush oceanspray,Present,
ARCH,Vascular Plant,Rosales,Rosaceae,837938,Petrophytum caespitosum,"Petrophyton caespitosum (120328),Spiraea caespitosa (197816)",mat rockspirea,Present,
ARCH,Vascular Plant,Rosales,Rosaceae,120334,Physocarpus alternans,,Dwarf ninebark,Present,
ARCH,Vascular Plant,Rosales,Rosaceae,758599,Purshia mexicana var. stansburyana,"Purshia mexicana (106662),Cowania mexicana (129635)",Cliff-rose,Present,
ARCH,Vascular Plant,Rosales,Rosaceae,120348,Purshia tridentata,,Antelope bitterbrush,Probably Present,
ARCH,Vascular Plant,Rosales,Rosaceae,127958,Rosa woodsii,,Woods' rose,Present,
ARCH,Vascular Plant,Rosales,Ulmaceae,103773,Ulmus pumila,,Siberian elm,Present,
ARCH,Vascular Plant,Rosales,Urticaceae,101640,Parietaria pensylvanica,,Pennsylvania pellitory,Present,
ARCH,Vascular Plant,Santalales,Santalaceae,131317,Arceuthobium divaricatum,,Pinyon dwarf-mistletoe,Probably Present,
ARCH,Vascular Plant,Santalales,Santalaceae,224984,Comandra umbellata var. pallida,Comandra umbellata (155905),Bastard toadflax,Present,
ARCH,Vascular Plant,Santalales,Santalaceae,131289,Phoradendron juniperinum,Phoradendron juniperinum ssp. juniperinum (131290),Juniper mistletoe,Probably Present,
ARCH,Vascular Plant,Sapindales,Anacardiaceae,238554,Rhus aromatica var. simplicifolia,Rhus trilobata var. simplicifolia (213723),Squawbush,Present,
ARCH,Vascular Plant,Sapindales,Anacardiaceae,238556,Rhus aromatica var. trilobata,"Rhus trilobata var. trilobata (213725),Rhus aromatica ssp. trilobata (207900)",Squawbush,Present,
ARCH,Vascular Plant,Sapindales,Anacardiaceae,126776,Rhus glabra,,Smooth sumac,Present,
ARCH,Vascular Plant,Sapindales,Anacardiaceae,126821,Toxicodendron rydbergii,Toxicodendron radicans (126820),Western poison ivy,Present,
ARCH,Vascular Plant,Sapindales,Sapindaceae,126739,Acer negundo,,Box elder,Present,
ARCH,Vascular Plant,Solanales,Convolvulaceae,219496,Calystegia sepium var. angulata,,Western hedge bindweed,Present,
ARCH,Vascular Plant,Solanales,Convolvulaceae,135243,Convolvulus arvensis,,Field bindweed,Present,
ARCH,Vascular Plant,Solanales,Convolvulaceae,136086,Cuscuta pentagona,,Field dodder,Present,
ARCH,Vascular Plant,Solanales,Convolvulaceae,159006,Evolvulus nuttallianus,,Evolvulus,Present,
ARCH,Vascular Plant,Solanales,Convolvulaceae,136134,Ipomoea purpurea,,common morning-glory,Present,
ARCH,Vascular Plant,Solanales,Solanaceae,134361,Datura wrightii,,Angel's trumpet,Present,
ARCH,Vascular Plant,Solanales,Solanaceae,212684,Physalis hederifolia var. fendleri,Physalis fendleri (134444),Fendler's ground-cherry,Present,
ARCH,Vascular Plant,Solanales,Solanaceae,135117,Physalis longifolia,,Long-leaf ground-cherry,Present,
ARCH,Vascular Plant,Zygophyllales,Zygophyllaceae,128399,Kallstroemia californica,,yellow Kallstroemia,Present,
ARCH,Vascular Plant,Zygophyllales,Zygophyllaceae,128403,Kallstroemia parviflora,,orange Kallstroemia,Present,
ARCH,Vascular Plant,Zygophyllales,Zygophyllaceae,128414,Tribulus terrestris,,Puncture vine,Present,
